FID,OBJECTID,NAME,STATE_ABBR,STATE_FIPS,ORDER_ADM,MONTH_ADM,DAY_ADM,YEAR_ADM,TYPE,POP,SQ_MILES,PRIM_MILES,Shape_Leng,Shape__Are,Shape__Len,all_prisons,fed_prisons,state_prisons,state_pw_mean,all_minus_state,fed_minus_state,state_minus_state,all_norm_state,fed_norm_state,state_norm_state
"1","1",Arkansas,AR,"05","25",June,"15","1836",Land,"2915918",53181.199999999997090,1329.599999999999909,21.737081642000000,13.586154712494100,21.737081642710500,7.63094544636832,6.89613105143819,7.7809257869688,7.55,0.0809454463683146,-0.653868948561806,0.230925786968801,1.072,-8.661,3.059
"2","2",Arizona,AZ,"04","48",February,"14","1912",Land,"6392017",113990.100000000005821,1487.700000000000045,23.889714520799998,28.919144571574201,23.889714514917600,6.2249776352714,5.40888176825987,6.37339125090141,7.34166666666667,-1.11668903139527,-1.9327848984068,-0.968275415765253,-15.210,-26.326,-13.189
"3","3",Colorado,CO,"08","38",August,"1","1876",Land,"5029196",104092.000000000000000,1304.599999999999909,22.017103904500001,28.038998129134399,22.017103905707199,4.91062350809965,5.50887592077304,4.74748181282622,5.81666666666667,-0.90604315856702,-0.307790745893628,-1.06918485384045,-15.577,-5.292,-18.381
"4","4",Iowa,IA,"19","29",December,"28","1846",Land,"3046355",56268.599999999998545,1127.299999999999955,20.132064100800001,15.856457186715900,20.132064101075098,6.97913749975341,0,6.97913749975341,7.05,-0.0708625002465917,-7.05,-0.0708625002465917,-1.005,,-1.005
"5","5",Illinois,IL,"17","21",December,"3","1818",Land,"12830632",56339.800000000002910,1318.500000000000000,21.660210923800001,15.408477158903500,21.660210926552200,7.99620039988561,7.91254529577751,8.00796355162078,8.61666666666667,-0.620466266781057,-0.704121370889159,-0.608703115045882,-7.201,-8.172,-7.064
"6","7",Indiana,IN,"18","19",December,"11","1816",Land,"6483802",36184.000000000000000,1070.500000000000000,17.292504143300000,9.872661027994580,17.292504143361800,8.2742747068623,8.74562456580744,8.22038661011258,8.58333333333333,-0.30905862647103,0.162291232474102,-0.362946723220753,-3.601,1.891,-4.229
"7","9",Kansas,KS,"20","34",January,"29","1861",Land,"2853118",82277.199999999997090,1244.599999999999909,21.409754949000000,22.004541280500199,21.409754948787800,6.57597997650398,6.71433628607721,6.53835809080058,6.85,-0.274020023496019,-0.135663713922788,-0.311641909199417,-4.000,-1.980,-4.550
"8","10",Missouri,MO,"29","24",August,"10","1821",Land,"5988927",69705.399999999994179,1469.799999999999955,24.681748635999998,18.614694872716701,24.681748631775900,6.92048071846636,8,6.87700986202995,7.425,-0.504519281533645,0.574999999999998,-0.547990137970053,-6.795,7.744,-7.380
"9","11",Nebraska,NE,"31","37",March,"1","1867",Land,"1826341",77348.199999999997090,1356.599999999999909,24.232543807100001,21.614058607705800,24.232543808719601,6.60493968575778,0,6.60493968575778,6.59166666666667,0.0132730190911099,-6.59166666666667,0.0132730190911099,0.201,,0.201
"10","12",New Mexico,NM,"35","47",January,"6","1912",Land,"2059179",121586.600000000005821,1486.299999999999955,23.673899575000000,30.892298487871098,23.673899574008800,4.39030408664174,4.54999995231628,4.17350437033724,4.875,-0.484695913358257,-0.32500004768372,-0.701495629662763,-9.942,-6.667,-14.390
"11","13",Nevada,NV,"32","36",October,"31","1864",Land,"2700551",110579.199999999997090,1473.599999999999909,23.853745259499998,29.942530012511700,23.853745260381199,5.9806199554857,0,5.9806199554857,6.05833333333333,-0.0777133778476342,-6.05833333333333,-0.0777133778476342,-1.283,,-1.283
"12","14",Oklahoma,OK,"40","46",November,"16","1907",Land,"3751351",69888.399999999994179,1636.099999999999909,26.978812786900001,18.002506439283302,26.978812800211099,6.61970848137807,7.16861949007163,6.51508603052608,7.33333333333333,-0.713624851955262,-0.164713843261702,-0.818247302807253,-9.731,-2.246,-11.158
"13","16",Tennessee,TN,"47","16",June,"1","1796",Land,"6346105",42144.000000000000000,1297.500000000000000,22.359093654500001,10.889516683536399,22.359093649146999,7.10072512501375,8.18534554751786,7.02566236249496,7.4,-0.299274874986245,0.785345547517857,-0.374337637505037,-4.044,10.613,-5.059
"14","17",Utah,UT,"49","45",January,"4","1896",Land,"2763885",84897.300000000002910,1227.099999999999909,20.000870552100000,22.974729338306101,20.000870552224800,6.10857805912724,6,6.12066567954066,5.8,0.308578059127239,0.2,0.32066567954066,5.320,3.448,5.529
"15","18",West Virginia,WV,"54","35",June,"20","1863",Land,"1852994",24224.099999999998545,1221.799999999999955,20.038734114899999,6.492254403690820,20.038734104024702,6.71196356351698,6.67862662719306,6.77542462073664,6.85,-0.138036436483024,-0.171373372806939,-0.0745753792633543,-2.015,-2.502,-1.089
"16","19",Idaho,ID,"16","43",July,"3","1890",Land,"1567582",83576.300000000002910,1819.700000000000045,30.908470252800001,24.459194959254500,30.908470260238101,5.91430380260288,0,5.91430380260288,5.81666666666667,0.097637135936214,-5.81666666666667,0.097637135936214,1.679,,1.679
"17","21",Montana,MT,"30","41",November,"8","1889",Land,"989415",147046.500000000000000,1950.200000000000045,36.425693175900001,45.081098292144397,36.425693183908798,4.84411285527414,0,4.85018875769207,5.38333333333333,-0.539220478059199,-5.38333333333333,-0.533144575641268,-10.016,,-9.904
"18","22",North Dakota,ND,"38","39",November,"2","1889",Land,"672591",70698.800000000002910,1291.099999999999909,24.662567123799999,21.839946773067400,24.662567119618700,4.85480090391055,0,4.85480090391055,4.74166666666667,0.11313423724388,-4.74166666666667,0.11313423724388,2.386,,2.386
"19","23",South Dakota,SD,"46","40",November,"2","1889",Land,"814180",77119.500000000000000,1286.299999999999955,23.291902428899999,22.579733187329602,23.291902422905800,5.81410137977186,6,5.78975449363011,5.25,0.564101379771857,0.75,0.539754493630109,10.745,14.286,10.281
"20","24",Vermont,VT,"50","14",March,"4","1791",Land,"625741",9619.100000000000364,552.500000000000000,9.454537375630000,2.799190650985570,9.454537385525351,5.04200132214343,0,5.04200132214343,5,0.0420013221434345,-5,0.0420013221434345,0.840,,0.840
"21","25",Wyoming,WY,"56","44",July,"10","1890",Land,"563626",97811.100000000005821,1260.599999999999909,21.995786652400000,27.971510670765401,21.995786652366299,4.15156628447843,0,4.15412398196826,4.40833333333333,-0.256767048854906,-4.40833333333333,-0.254209351365075,-5.825,,-5.767
"24","28",Florida,FL,"12","27",March,"3","1845",Land,"18801310",56364.099999999998545,7314.000000000000000,112.896179459999999,13.477356561520001,112.896179479563997,7.11605506321881,7.24611376224038,7.10255909573909,7.20833333333333,-0.0922782701145222,0.0377804289070456,-0.105774237594242,-1.280,0.524,-1.467
"25","29",Texas,TX,"48","28",December,"29","1845",Land,"25145561",264754.299999999988358,5589.899999999999636,87.132559928000006,65.140605146589195,87.132930962410995,6.92158140314315,7.01796424168865,6.87938986304942,7.78333333333333,-0.861751930190178,-0.765369091644681,-0.903943470283914,-11.072,-9.833,-11.614
"26","30",Alabama,AL,"01","22",December,"14","1819",Land,"4779736",51645.900000000001455,1388.900000000000091,21.641733429700000,12.879163718016301,21.641733439763200,7.844305074618,7.70600865068843,7.86991235071227,7.825,0.0193050746180035,-0.118991349311572,0.0449123507122673,0.247,-1.521,0.574
"27","31",Georgia,GA,"13","4",January,"2","1788",Land,"9687653",58738.699999999997090,2246.699999999999818,35.561132995400001,14.625422898822100,35.561132976788798,7.5366624602301,7.5429960071439,7.53554869811637,8.025,-0.4883375397699,-0.482003992856096,-0.489451301883633,-6.085,-6.006,-6.099
"28","32",Louisiana,LA,"22","18",April,"30","1812",Land,"4533372",46661.400000000001455,3811.199999999999818,59.939399097799999,11.424418327442901,59.939399160336102,7.60209529886529,7.42162151643287,7.65479680421016,8.11666666666667,-0.514571367801373,-0.695045150233799,-0.461869862456505,-6.340,-8.563,-5.690
"29","33",Mississippi,MS,"28","20",December,"10","1817",Land,"2967297",47664.800000000002910,1656.900000000000091,26.185753222599999,11.881324106186000,26.185753226389000,7.73305841739707,7.83858387900151,7.68996557875459,7.83333333333333,-0.100274915936266,0.00525054566817573,-0.143367754578739,-1.280,0.067,-1.830
"30","34",South Carolina,SC,"45","8",May,"23","1788",Land,"4625364",30867.200000000000728,2167.599999999999909,34.719708322700001,7.794686332463020,34.719708308685597,6.65951807971089,6.50958421732262,6.71410746601684,6.81666666666667,-0.157148586955778,-0.307082449344043,-0.102559200649827,-2.305,-4.505,-1.505
"31","35",California,CA,"06","31",September,"9","1850",Land,"37253956",158047.399999999994179,3389.800000000000182,55.323398848099998,41.613093952894602,55.323398845433601,7.64872588120512,8.05250077034477,7.58717649635561,8.825,-1.17627411879488,-0.772499229655235,-1.23782350364439,-13.329,-8.754,-14.026
"32","36",Connecticut,CT,"09","5",January,"9","1788",Land,"3574097",4972.199999999999818,476.800000000000011,7.986314416610000,1.391289061924230,7.986314422926340,6.27360691077865,6.09999990463257,6.28960417714599,6.25833333333333,0.0152735774453205,-0.158333428700763,0.0312708438126608,0.244,-2.530,0.500
"33","37",District of Columbia,DC,"11","0",,"0","0",Land,"601723",62.100000000000001,52.700000000000003,0.865789231549000,0.016691044626668,0.865789232872739,7.30000019073486,0,7.30000019073486,7.375,-0.0749998092651412,-7.375,-0.0749998092651412,-1.017,,-1.017
"34","38",Delaware,DE,"10","1",December,"7","1787",Land,"897934",1979.700000000000045,342.500000000000000,5.468970418690000,0.533125917397456,5.468970412449990,7.10969213297765,0,7.10969213297765,7.05,0.059692132977645,-7.05,0.059692132977645,0.847,,0.847
"35","39",Kentucky,KY,"21","15",June,"1","1792",Land,"4339367",40391.800000000002910,1332.500000000000000,22.510292658699999,10.663976952714400,22.510292655289600,7.11951466214647,7.09660532450657,7.13337423034394,7.53333333333333,-0.413818671186861,-0.436728008826766,-0.399959102989393,-5.493,-5.797,-5.309
"36","40",Massachusetts,MA,"25","6",February,"6","1788",Land,"6547629",8113.000000000000000,1353.400000000000091,23.274490075100001,2.292560810902840,23.274490086751602,5.5680218611592,5.40000009536743,5.59183317132898,5.88333333333333,-0.315311472174135,-0.483333237965903,-0.291500162004349,-5.359,-8.215,-4.955
"37","41",Maryland,MD,"24","7",April,"28","1788",Land,"5773552",9883.799999999999272,3087.000000000000000,50.892667217200000,2.664000535719880,50.892778749804101,7.24448648172702,7.05849237344703,7.2573098772643,7.00833333333333,0.23615314839369,0.0501590401136927,0.248976543930969,3.370,0.716,3.553
"38","42",North Carolina,NC,"37","12",November,"21","1789",Land,"9535483",49352.000000000000000,3942.699999999999818,64.572152581599994,12.705282663968299,64.572152591237597,6.45091255420733,6.84633220298332,6.38168494673581,6.85833333333333,-0.407420779125999,-0.0120011303500114,-0.476648386597528,-5.941,-0.175,-6.950
"39","43",New Jersey,NJ,"34","3",December,"18","1787",Land,"8791894",7567.000000000000000,1056.799999999999955,17.481320346400000,2.072956355971200,17.481320325654401,6.45304635580375,6.01471576142651,6.60891455570119,6.78333333333333,-0.33028697752958,-0.768617571906824,-0.174418777632148,-4.869,-11.331,-2.571
"40","44",New York,NY,"36","11",July,"26","1788",Land,"19378102",48676.000000000000000,2431.699999999999818,42.221029476299996,13.909031201145799,42.221029476419297,5.58951067626456,7.15093520193915,5.44959637862716,6.54166666666667,-0.952155990402103,0.609268535272487,-1.09207028803951,-14.555,9.314,-16.694
"41","45",Ohio,OH,"39","17",March,"1","1803",Land,"11536504",41280.599999999998545,1165.000000000000000,19.294053364500002,11.324879726839800,19.294053367138300,7.89252436051722,7.39244999890502,7.91982922009966,8.08333333333333,-0.190808972816116,-0.690883334428314,-0.163504113233674,-2.361,-8.547,-2.023
"42","47",Pennsylvania,PA,"42","2",December,"12","1787",Land,"12702379",45287.000000000000000,1003.600000000000023,17.686011609800001,12.530588513863901,17.686011612102700,7.22661812022898,7.06144081953594,7.27582880438339,7.63333333333333,-0.406715213104352,-0.571892513797392,-0.357504528949939,-5.328,-7.492,-4.683
"43","48",Rhode Island,RI,"44","13",May,"29","1790",Land,"1052567",1084.599999999999909,408.699999999999989,6.628838558340000,0.303738906323133,6.628838554001260,6.49536284693965,0,6.51278488809227,6.24166666666667,0.253696180272986,-6.24166666666667,0.271118221425603,4.065,,4.344
"44","49",Virginia,VA,"51","10",June,"25","1788",Land,"8001024",40000.599999999998545,3446.300000000000182,57.088924027600001,10.559447303030501,57.088924019044697,6.36695214339635,7.11564189628327,6.26049990371109,6.6,-0.233047856603651,0.515641896283271,-0.339500096288915,-3.531,7.813,-5.144
"45","50",Wisconsin,WI,"55","30",May,"29","1848",Land,"5686986",56098.599999999998545,1688.200000000000045,29.467649456200000,16.482250549308201,29.467649462872799,7.06989382453373,6.30000019073486,7.10340218031921,7.125,-0.0551061754662712,-0.82499980926514,-0.0215978196807933,-0.773,-11.579,-0.303
"46","52",Michigan,MI,"26","26",January,"26","1837",Land,"9883640",58103.800000000002910,3577.800000000000182,63.107724967499998,16.991268115616801,63.107724972441503,6.20843766715907,7.3425210083483,6.16023869429763,7.31666666666667,-1.10822899950759,0.0258543416816286,-1.15642797236904,-15.147,0.353,-15.805
"48","54",Maine,ME,"23","23",March,"15","1820",Land,"1328361",32485.400000000001455,3106.199999999999818,51.885868610899998,9.667205577941100,51.885868565021198,4.44115083652521,0,4.44115083652521,4.66666666666667,-0.225515830141453,-4.66666666666667,-0.225515830141453,-4.832,,-4.832
"49","56",Minnesota,MN,"27","32",May,"11","1858",Land,"5303925",84380.000000000000000,1913.099999999999909,34.872593466100000,25.536793385490501,34.872593464424099,5.92296841294394,5.42337125143483,6.07884063368508,6.21666666666667,-0.293698253722721,-0.793295415231836,-0.137826032981585,-4.724,-12.761,-2.217
"50","57",New Hampshire,NH,"33","9",June,"21","1788",Land,"1316470",9258.799999999999272,606.000000000000000,10.087038294499999,2.677094755922330,10.087038300993900,4.87759880338602,4.40000009536743,5.05286257968114,5.15,-0.272401196613985,-0.749999904632571,-0.0971374203188615,-5.289,-14.563,-1.886
"51","58",Oregon,OR,"41","33",February,"14","1859",Land,"3831074",96936.000000000000000,1910.599999999999909,33.717561496400002,28.147377594065301,33.717561487955102,5.84236752559529,5.30000019073486,5.92760929727938,6.13333333333333,-0.290965807738041,-0.833333142598474,-0.20572403605395,-4.744,-13.587,-3.354
"52","59",Washington,WA,"53","42",November,"11","1889",Land,"6724540",67557.300000000002910,3224.699999999999818,58.093615066200002,20.843773094927698,58.093615070648298,5.36181216453217,6.40000009536743,5.32080266206675,5.74166666666667,-0.379854502134496,0.658333428700763,-0.420864004599922,-6.616,11.466,-7.330
